Name,Image,Team,Year
Kostas Antetokounmpo,https://cdn.statmuse.com/img/nba/teams/Los-Angeles-Lakers-Silhouette.png,Lakers,2020
Avery Bradley,https://cdn.statmuse.com/img/nba/players/los-angeles-lakers-avery-bradley-min--yp7cyf-p.png,Lakers,2020
Devontae Cacok,https://cdn.statmuse.com/img/nba/teams/Los-Angeles-Lakers-Silhouette.png,Lakers,2020
Kentavious Caldwell-Pope,https://cdn.statmuse.com/img/nba/players/los-angeles-lakers-kentavious-caldwell-pope-min-1---lq3ntzhu.png,Lakers,2020
Alex Caruso,https://cdn.statmuse.com/img/nba/players/los-angeles-lakers-alex-caruso2021-min--pv3yvqbo.png,Lakers,2020
Quinn Cook,https://cdn.statmuse.com/img/nba/players/los-angeles-lakers-quinn-cook-min--6vxl7wlv.png,Lakers,2020
Troy Daniels,https://cdn.statmuse.com/img/nba/teams/Los-Angeles-Lakers-Silhouette.png,Lakers,2020
Anthony Davis,https://cdn.statmuse.com/img/nba/players/los-angeles-lakers-anthony-davis2022-min--ohxgssrf.png,Lakers,2020
Jared Dudley,https://cdn.statmuse.com/img/nba/players/los-angeles-lakers-jared-dudley-min--ykaudoqr.png,Lakers,2020
Danny Green,https://cdn.statmuse.com/img/nba/players/los-angeles-lakers-danny-green2022-min--lcif8oag.png,Lakers,2020
Talen Horton-Tucker,https://cdn.statmuse.com/img/nba/players/los-angeles-lakers-talen-horton-tucker-min--qcuya6wg.png,Lakers,2020
Dwight Howard,https://cdn.statmuse.com/img/nba/players/los-angeles-lakers-dwight-howard2019-min--9p1mwxmo.png,Lakers,2020
LeBron James,https://cdn.statmuse.com/img/nba/players/los-angeles-lakers-lebron-james2021-min--i_ura2lt.png,Lakers,2020
Kyle Kuzma,https://cdn.statmuse.com/img/nba/players/los-angeles-lakers-kyle-kuzma2021-min--9pjfxbj8.png,Lakers,2020
JaVale McGee,https://cdn.statmuse.com/img/nba/players/los-angeles-lakers-javale-mcgee1-min--avswidbg.png,Lakers,2020
Markieff Morris,https://cdn.statmuse.com/img/nba/players/los-angeles-lakers-markieff-morris-min--ekmblhsr.png,Lakers,2020
Zach Norvell Jr.,https://cdn.statmuse.com/img/nba/teams/Los-Angeles-Lakers-Silhouette.png,Lakers,2020
Rajon Rondo,https://cdn.statmuse.com/img/nba/players/los-angeles-lakers-rajon-rondo2021-min--la-ocsaw.png,Lakers,2020
JR Smith,https://cdn.statmuse.com/img/nba/players/los-angeles-lakers-smith2018-min--owrmv5ku.png,Lakers,2020
Dion Waiters,https://cdn.statmuse.com/img/nba/players/los-angeles-lakers-dion-waiters-min--okdqldlb.png,Lakers,2020
Shannon Brown,https://cdn.statmuse.com/img/nba/teams/Los-Angeles-Lakers-Silhouette.png,Lakers,2020
Kobe Bryant,https://cdn.statmuse.com/img/nba/players/los-angeles-lakers-kobe-bryant2022-min--_tdtwumv.png,Lakers,2020
Andrew Bynum,https://cdn.statmuse.com/img/nba/teams/Los-Angeles-Lakers-Silhouette.png,Lakers,2020
Jordan Farmar,https://cdn.statmuse.com/img/nba/teams/Los-Angeles-Lakers-Silhouette.png,Lakers,2020
Derek Fisher,https://cdn.statmuse.com/img/nba/teams/Los-Angeles-Lakers-Silhouette.png,Lakers,2020
Pau Gasol,https://cdn.statmuse.com/img/nba/players/los-angeles-lakers-pau-gasol-compressor-2---g2igikyj.png,Lakers,2020
D.J. Mbenga,https://cdn.statmuse.com/img/nba/teams/Los-Angeles-Lakers-Silhouette.png,Lakers,2020
Adam Morrison,https://cdn.statmuse.com/img/nba/teams/Los-Angeles-Lakers-Silhouette.png,Lakers,2020
Lamar Odom,https://cdn.statmuse.com/img/nba/teams/Los-Angeles-Lakers-Silhouette.png,Lakers,2020
Josh Powell,https://cdn.statmuse.com/img/nba/teams/Los-Angeles-Lakers-Silhouette.png,Lakers,2020
Metta Sandiford-Artest,https://cdn.statmuse.com/img/nba/players/metta-world-peace-los-angeles-lakers-min--j2knmmui.png,Lakers,2020
Sasha Vujacic,https://cdn.statmuse.com/img/nba/teams/Los-Angeles-Lakers-Silhouette.png,Lakers,2020
Luke Walton,https://cdn.statmuse.com/img/nba/teams/Los-Angeles-Lakers-Silhouette.png,Lakers,2020
Jordan Bell,https://cdn.statmuse.com/img/nba/players/golden-state-warriors-jordan-bell-min--gxyhultu.png,Warriors,2018
Chris Boucher,https://cdn.statmuse.com/img/nba/players/golden-state-warriors-chris-boucher-min--jsr_jlas.png,Warriors,2018
Omri Casspi,https://cdn.statmuse.com/img/nba/teams/Golden-State-Warriors-Silhouette.png,Warriors,2018
Quinn Cook,https://cdn.statmuse.com/img/nba/players/golden-state-warriors-quinn-cook-min--4bw33llc.png,Warriors,2018
Stephen Curry,https://cdn.statmuse.com/img/nba/players/golden-state-warriors-stephen-curry2021-min-1-1--gmckzkgf.png,Warriors,2018
Kevin Durant,https://cdn.statmuse.com/img/nba/players/golden-state-warriors-kevin-durant2020-min--tfbpve3l.png,Warriors,2018
Draymond Green,https://cdn.statmuse.com/img/nba/players/golden-state-warriors-draymond-green2018-min--ml0c-oct.png,Warriors,2018
Andre Iguodala,https://cdn.statmuse.com/img/nba/players/golden-state-warriors-andre-iguodala2023-min--o8i4g26g.png,Warriors,2018
Damian Jones,https://cdn.statmuse.com/img/nba/teams/Golden-State-Warriors-Silhouette.png,Warriors,2018
Shaun Livingston,https://cdn.statmuse.com/img/nba/players/golden-state-warriors-shaun-livingston-min--ol6ftep-.png,Warriors,2018
Kevon Looney,https://cdn.statmuse.com/img/nba/players/golden-state-warriors-kevon-looney2022-min--b__1bp6s.png,Warriors,2018
Patrick McCaw,https://cdn.statmuse.com/img/nba/players/golden-state-warriors-patrick-mccaw-min--wqllfrjz.png,Warriors,2018
JaVale McGee,https://cdn.statmuse.com/img/nba/players/golden-state-warriors-javale-mcgee-min--054xymtb.png,Warriors,2018
Zaza Pachulia,https://cdn.statmuse.com/img/nba/players/9cb45872-19dc-11e7-b84b-0a6f65fc9427.png,Warriors,2018
Klay Thompson,https://cdn.statmuse.com/img/nba/players/golden-state-warriors-klay-thompson2022-min--nuqzza6n.png,Warriors,2018
David West,https://cdn.statmuse.com/img/nba/teams/Golden-State-Warriors-Silhouette.png,Warriors,2018
Nick Young,https://cdn.statmuse.com/img/nba/players/golden-state-warriors-nick-young-compressor--xkqvu6ci.png,Warriors,2018
Ray Allen,https://cdn.statmuse.com/img/nba/players/boston-celtics-ray-allen-min--ikjr9l3b.png,Celtics,2008
Tony Allen,https://cdn.statmuse.com/img/nba/players/boston-celtics-tony-allen-compressor--mjgu-r-o.png,Celtics,2008
P.J. Brown,https://cdn.statmuse.com/img/nba/teams/Boston-Celtics-Silhouette.png,Celtics,2008
Sam Cassell,https://cdn.statmuse.com/img/nba/teams/Boston-Celtics-Silhouette.png,Celtics,2008
Glen Davis,https://cdn.statmuse.com/img/nba/teams/Boston-Celtics-Silhouette.png,Celtics,2008
Kevin Garnett,https://cdn.statmuse.com/img/nba/players/boston-celtics-kevin-garnett2023-copy-min--cwdsfdah.png,Celtics,2008
Eddie House,https://cdn.statmuse.com/img/nba/teams/Boston-Celtics-Silhouette.png,Celtics,2008
Kendrick Perkins,https://cdn.statmuse.com/img/nba/players/kendrick-perkins-boston-celtics-copy-min--0xfrul6e.png,Celtics,2008
Paul Pierce,https://cdn.statmuse.com/img/nba/players/boston-celtics-paul-pierce-01-compressor--616ujhxz.png,Celtics,2008
Scot Pollard,https://cdn.statmuse.com/img/nba/teams/Boston-Celtics-Silhouette.png,Celtics,2008
James Posey,https://cdn.statmuse.com/img/nba/teams/Boston-Celtics-Silhouette.png,Celtics,2008
Leon Powe,https://cdn.statmuse.com/img/nba/teams/Boston-Celtics-Silhouette.png,Celtics,2008
Gabe Pruitt,https://cdn.statmuse.com/img/nba/teams/Boston-Celtics-Silhouette.png,Celtics,2008
Rajon Rondo,https://cdn.statmuse.com/img/nba/players/boston-celtics-rajon-rondo2021-min--yhreipq7.png,Celtics,2008
Brian Scalabrine,https://cdn.statmuse.com/img/nba/teams/Boston-Celtics-Silhouette.png,Celtics,2008
Jaylen Adams,https://cdn.statmuse.com/img/nba/teams/Milwaukee-Bucks-Silhouette.png,Bucks,2021
Giannis Antetokounmpo,https://cdn.statmuse.com/img/nba/players/milwaukee-bucks-giannis-antetokounmpo2023-min--y_kqfjdm.png,Bucks,2021
Thanasis Antetokounmpo,https://cdn.statmuse.com/img/nba/teams/Milwaukee-Bucks-Silhouette.png,Bucks,2021
D.J. Augustin,https://cdn.statmuse.com/img/nba/players/milwaukee-bucks-dj-augustin-min--aa_q9ivx.png,Bucks,2021
Elijah Bryant,https://cdn.statmuse.com/img/nba/teams/Milwaukee-Bucks-Silhouette.png,Bucks,2021
Pat Connaughton,https://cdn.statmuse.com/img/nba/players/milwaukee-bucks-pat-connaughton-min--pfdpzgvt.png,Bucks,2021
Torrey Craig,https://cdn.statmuse.com/img/nba/players/milwaukee-bucks-torrey-craig-min--izwpcsmh.png,Bucks,2021
Mamadi Diakite,https://cdn.statmuse.com/img/nba/teams/Milwaukee-Bucks-Silhouette.png,Bucks,2021
Donte DiVincenzo,https://cdn.statmuse.com/img/nba/players/milwaukee-bucks-donte-divincenzo-min-1--bmuffmr7.png,Bucks,2021
Bryn Forbes,https://cdn.statmuse.com/img/nba/teams/Milwaukee-Bucks-Silhouette.png,Bucks,2021
Jrue Holiday,https://cdn.statmuse.com/img/nba/players/milwaukee-bucks-jrue-holiday2022-min--yqogaeqe.png,Bucks,2021
Justin Jackson,https://cdn.statmuse.com/img/nba/teams/Milwaukee-Bucks-Silhouette.png,Bucks,2021
Rodions Kurucs,https://cdn.statmuse.com/img/nba/teams/Milwaukee-Bucks-Silhouette.png,Bucks,2021
Brook Lopez,https://cdn.statmuse.com/img/nba/players/milwaukee-bucks-brook-lopez2020-min--9j2l60mh.png,Bucks,2021
Sam Merrill,https://cdn.statmuse.com/img/nba/teams/Milwaukee-Bucks-Silhouette.png,Bucks,2021
Khris Middleton,https://cdn.statmuse.com/img/nba/players/milwaukee-bucks-khris-middleton2020-min--xaxbaqwm.png,Bucks,2021
Jordan Nwora,https://cdn.statmuse.com/img/nba/teams/Milwaukee-Bucks-Silhouette.png,Bucks,2021
Bobby Portis,https://cdn.statmuse.com/img/nba/players/milwaukee-bucks-bobby-portis2023-min--z6mvpgey.png,Bucks,2021
Jeff Teague,https://cdn.statmuse.com/img/nba/players/milwaukee-bucks-jeff-teague-min--tzrirznb.png,Bucks,2021
Axel Toupane,https://cdn.statmuse.com/img/nba/teams/Milwaukee-Bucks-Silhouette.png,Bucks,2021
P.J. Tucker,https://cdn.statmuse.com/img/nba/players/los-angeles-clippers-pj-tucker-min--p9ei0i2_.png,Bucks,2021
D.J. Wilson,https://cdn.statmuse.com/img/nba/teams/Milwaukee-Bucks-Silhouette.png,Bucks,2021
Alexis Ajinca,https://cdn.statmuse.com/img/nba/teams/Dallas-Mavericks-Silhouette.png,Mavs,2011
J.J. Barea,https://cdn.statmuse.com/img/nba/players/dallas-mavericks-jj-barea-min--smm1_prw.png,Mavs,2011
Rodrigue Beaubois,https://cdn.statmuse.com/img/nba/teams/Dallas-Mavericks-Silhouette.png,Mavs,2011
Corey Brewer,https://cdn.statmuse.com/img/nba/teams/Dallas-Mavericks-Silhouette.png,Mavs,2011
Caron Butler,https://cdn.statmuse.com/img/nba/teams/Dallas-Mavericks-Silhouette.png,Mavs,2011
Brian Cardinal,https://cdn.statmuse.com/img/nba/teams/Dallas-Mavericks-Silhouette.png,Mavs,2011
Tyson Chandler,https://cdn.statmuse.com/img/nba/players/dallas-mavericks-tyson-chandler-compressor--fgiz0p4a.png,Mavs,2011
Brendan Haywood,https://cdn.statmuse.com/img/nba/teams/Dallas-Mavericks-Silhouette.png,Mavs,2011
Dominique Jones,https://cdn.statmuse.com/img/nba/teams/Dallas-Mavericks-Silhouette.png,Mavs,2011
Jason Kidd,https://cdn.statmuse.com/img/nba/players/jason-kidd-dallas-mavericks-min--zphipuvi.png,Mavs,2011
Ian Mahinmi,https://cdn.statmuse.com/img/nba/teams/Dallas-Mavericks-Silhouette.png,Mavs,2011
Shawn Marion,https://cdn.statmuse.com/img/nba/players/shawn-marion-dallas-mavericks-min--kkytiujj.png,Mavs,2011
Steve Novak,https://cdn.statmuse.com/img/nba/teams/Dallas-Mavericks-Silhouette.png,Mavs,2011
Dirk Nowitzki,https://cdn.statmuse.com/img/nba/players/dallas-mavericks-dirk-nowitzki2018-min--5dirahgq.png,Mavs,2011
Sasha Pavlovic,https://cdn.statmuse.com/img/nba/teams/Dallas-Mavericks-Silhouette.png,Mavs,2011
DeShawn Stevenson,https://cdn.statmuse.com/img/nba/teams/Dallas-Mavericks-Silhouette.png,Mavs,2011
Peja Stojakovic,https://cdn.statmuse.com/img/nba/players/peja-stojakovic-dallas-mavericks-min--m6s4ca1i.png,Mavs,2011
Jason Terry,https://cdn.statmuse.com/img/nba/teams/Dallas-Mavericks-Silhouette.png,Mavs,2011
Jeff Ayres,https://cdn.statmuse.com/img/nba/teams/San-Antonio-Spurs-Silhouette.png,Spurs,2014
Aron Baynes,https://cdn.statmuse.com/img/nba/players/san-antonio-spurs-aron-baynes-min--0fpfirgm.png,Spurs,2014
Marco Belinelli,https://cdn.statmuse.com/img/nba/teams/San-Antonio-Spurs-Silhouette.png,Spurs,2014
Matt Bonner,https://cdn.statmuse.com/img/nba/teams/San-Antonio-Spurs-Silhouette.png,Spurs,2014
Shannon Brown,https://cdn.statmuse.com/img/nba/teams/San-Antonio-Spurs-Silhouette.png,Spurs,2014
Austin Daye,https://cdn.statmuse.com/img/nba/teams/San-Antonio-Spurs-Silhouette.png,Spurs,2014
Nando de Colo,https://cdn.statmuse.com/img/nba/teams/San-Antonio-Spurs-Silhouette.png,Spurs,2014
Boris Diaw,https://cdn.statmuse.com/img/nba/teams/San-Antonio-Spurs-Silhouette.png,Spurs,2014
Tim Duncan,https://cdn.statmuse.com/img/nba/players/tim-duncan-san-antonio-spurs1-min--u_vksk97.png,Spurs,2014
Manu Ginobili,https://cdn.statmuse.com/img/nba/players/san-antonio-spurs-manu-ginobili2017-compressor--ks_vqbh5.png,Spurs,2014
Danny Green,https://cdn.statmuse.com/img/nba/players/san-antonio-spurs-danny-green2022-min--2rjulju4.png,Spurs,2014
Damion James,https://cdn.statmuse.com/img/nba/teams/San-Antonio-Spurs-Silhouette.png,Spurs,2014
Othyus Jeffers,https://cdn.statmuse.com/img/nba/teams/San-Antonio-Spurs-Silhouette.png,Spurs,2014
Cory Joseph,https://cdn.statmuse.com/img/nba/teams/San-Antonio-Spurs-Silhouette.png,Spurs,2014
Kawhi Leonard,https://cdn.statmuse.com/img/nba/players/san-antonio-spurs-kawhi-leonard2019-min--9-h2jdiq.png,Spurs,2014
Patty Mills,https://cdn.statmuse.com/img/nba/players/san-antonio-spurs-patty-mills-min--6sa-ptyq.png,Spurs,2014
Tony Parker,https://cdn.statmuse.com/img/nba/players/san-antonio-spurs-tony-parker2017-compressor-mhp7gqw8--a6fwatmk.png,Spurs,2014
Tiago Splitter,https://cdn.statmuse.com/img/nba/teams/San-Antonio-Spurs-Silhouette.png,Spurs,2014
Malcolm Thomas,https://cdn.statmuse.com/img/nba/teams/San-Antonio-Spurs-Silhouette.png,Spurs,2014
Leandro Barbosa,https://cdn.statmuse.com/img/nba/teams/Golden-State-Warriors-Silhouette.png,Warriors,2015
Harrison Barnes,https://cdn.statmuse.com/img/nba/players/golden-state-warriors-harrison-barnes2021-min--b5rfgqx1.png,Warriors,2015
Andrew Bogut,https://cdn.statmuse.com/img/nba/players/golden-state-warriors-andrew-bogut-min--yd8li_2q.png,Warriors,2015
Stephen Curry,https://cdn.statmuse.com/img/nba/players/golden-state-warriors-stephen-curry2021-min-1-1--gmckzkgf.png,Warriors,2015
Festus Ezeli,https://cdn.statmuse.com/img/nba/teams/Golden-State-Warriors-Silhouette.png,Warriors,2015
Draymond Green,https://cdn.statmuse.com/img/nba/players/golden-state-warriors-draymond-green2018-min--ml0c-oct.png,Warriors,2015
Justin Holiday,https://cdn.statmuse.com/img/nba/teams/Golden-State-Warriors-Silhouette.png,Warriors,2015
Andre Iguodala,https://cdn.statmuse.com/img/nba/players/golden-state-warriors-andre-iguodala2023-min--o8i4g26g.png,Warriors,2015
Ognjen Kuzmic,https://cdn.statmuse.com/img/nba/teams/Golden-State-Warriors-Silhouette.png,Warriors,2015
David Lee,https://cdn.statmuse.com/img/nba/teams/Golden-State-Warriors-Silhouette.png,Warriors,2015
Shaun Livingston,https://cdn.statmuse.com/img/nba/players/golden-state-warriors-shaun-livingston-min--ol6ftep-.png,Warriors,2015
James Michael McAdoo,https://cdn.statmuse.com/img/nba/teams/Golden-State-Warriors-Silhouette.png,Warriors,2015
Brandon Rush,https://cdn.statmuse.com/img/nba/teams/Golden-State-Warriors-Silhouette.png,Warriors,2015
Marreese Speights,https://cdn.statmuse.com/img/nba/teams/Golden-State-Warriors-Silhouette.png,Warriors,2015
Klay Thompson,https://cdn.statmuse.com/img/nba/players/golden-state-warriors-klay-thompson2022-min--nuqzza6n.png,Warriors,2015
Jared Cunningham,https://cdn.statmuse.com/img/nba/teams/Cleveland-Cavaliers-Silhouette.png,Cavs,2016
Matthew Dellavedova,https://cdn.statmuse.com/img/nba/teams/Cleveland-Cavaliers-Silhouette.png,Cavs,2016
Channing Frye,https://cdn.statmuse.com/img/nba/players/channing-frye-cleveland-cavaliers-min--l0ga4dn7.png,Cavs,2016
Joe Harris,https://cdn.statmuse.com/img/nba/players/cleveland-cavaliers-joe-harris-min--pxlfmxhy.png,Cavs,2016
Kyrie Irving,https://cdn.statmuse.com/img/nba/players/cleveland-cavaliers-kyrie-irving2022-min--zud6rykg.png,Cavs,2016
LeBron James,https://cdn.statmuse.com/img/nba/players/cleveland-cavaliers-lebron-james2021-min---cdeggnq.png,Cavs,2016
Richard Jefferson,https://cdn.statmuse.com/img/nba/players/richard-jefferson-cleveland-cavaliers-min--4iynjxj6.png,Cavs,2016
Dahntay Jones,https://cdn.statmuse.com/img/nba/teams/Cleveland-Cavaliers-Silhouette.png,Cavs,2016
James Jones,https://cdn.statmuse.com/img/nba/teams/Cleveland-Cavaliers-Silhouette.png,Cavs,2016
Sasha Kaun,https://cdn.statmuse.com/img/nba/teams/Cleveland-Cavaliers-Silhouette.png,Cavs,2016
Kevin Love,https://cdn.statmuse.com/img/nba/players/cleveland-cavaliers-kevin-love2023-copy-min--crrth7s2.png,Cavs,2016
Jordan McRae,https://cdn.statmuse.com/img/nba/teams/Cleveland-Cavaliers-Silhouette.png,Cavs,2016
Timofey Mozgov,https://cdn.statmuse.com/img/nba/teams/Cleveland-Cavaliers-Silhouette.png,Cavs,2016
Iman Shumpert,https://cdn.statmuse.com/img/nba/teams/Cleveland-Cavaliers-Silhouette.png,Cavs,2016
JR Smith,https://cdn.statmuse.com/img/nba/players/cleveland-cavaliers-jr-smith2018-min--j0ahpr_v.png,Cavs,2016
Tristan Thompson,https://cdn.statmuse.com/img/nba/players/cleveland-cavaliers-tristan-thompson2021-min--g8ozaz04.png,Cavs,2016
Anderson Varejao,https://cdn.statmuse.com/img/nba/teams/Cleveland-Cavaliers-Silhouette.png,Cavs,2016
Mo Williams,https://cdn.statmuse.com/img/nba/teams/Cleveland-Cavaliers-Silhouette.png,Cavs,2016
Christian Braun,https://cdn.statmuse.com/img/nba/players/denver-nuggets-christian-braun-copy-min--brgo1bj1.png,Nuggets,2023
Bruce Brown,https://cdn.statmuse.com/img/nba/players/denver-nuggets-bruce-brown-min--h4u2wt4g.png,Nuggets,2023
Thomas Bryant,https://cdn.statmuse.com/img/nba/teams/Denver-Nuggets-Silhouette.png,Nuggets,2023
Kentavious Caldwell-Pope,https://cdn.statmuse.com/img/nba/players/denver-nuggets-kentavious-caldwell-pope-min--qf95n1s9.png,Nuggets,2023
Vlatko Cancar,https://cdn.statmuse.com/img/nba/teams/Denver-Nuggets-Silhouette.png,Nuggets,2023
Collin Gillespie,https://cdn.statmuse.com/img/nba/teams/Denver-Nuggets-Silhouette.png,Nuggets,2023
Aaron Gordon,https://cdn.statmuse.com/img/nba/players/denver-nuggets-aaron-gordon2021-min--afroaock.png,Nuggets,2023
Jeff Green,https://cdn.statmuse.com/img/nba/players/denver-nuggets-jeff-green-min--lzg1c8xq.png,Nuggets,2023
Markus Howard,https://cdn.statmuse.com/img/nba/teams/Denver-Nuggets-Silhouette.png,Nuggets,2023
Bones Hyland,https://cdn.statmuse.com/img/nba/players/denver-nuggets-bones-hyland-min--nq-e6kto.png,Nuggets,2023
Reggie Jackson,https://cdn.statmuse.com/img/nba/players/denver-nuggets-reggie-jackson-copy-min--bk6lnkni.png,Nuggets,2023
Nikola Jokic,https://cdn.statmuse.com/img/nba/players/denver-nuggets-nikola-jokic2021-min--kw623ufi.png,Nuggets,2023
DeAndre Jordan,https://cdn.statmuse.com/img/nba/players/denver-nuggets-deandre-jordan-min--bpewupos.png,Nuggets,2023
Jamal Murray,https://cdn.statmuse.com/img/nba/players/denver-nuggets-jamal-murray2021-min--_hzwkmsn.png,Nuggets,2023
Zeke Nnaji,https://cdn.statmuse.com/img/nba/teams/Denver-Nuggets-Silhouette.png,Nuggets,2023
Jalen Pickett,https://cdn.statmuse.com/img/nba/teams/Denver-Nuggets-Silhouette.png,Nuggets,2023
Michael Porter Jr.,https://cdn.statmuse.com/img/nba/players/denver-nuggets-michael-porter-jr-min--v2xxe9ph.png,Nuggets,2023
Davon Reed,https://cdn.statmuse.com/img/nba/teams/Denver-Nuggets-Silhouette.png,Nuggets,2023
Ish Smith,https://cdn.statmuse.com/img/nba/players/denver-nuggets-ish-smith-min--a291modg.png,Nuggets,2023
Julian Strawther,https://cdn.statmuse.com/img/nba/teams/Denver-Nuggets-Silhouette.png,Nuggets,2023
Hunter Tyson,https://cdn.statmuse.com/img/nba/teams/Denver-Nuggets-Silhouette.png,Nuggets,2023
Peyton Watson,https://cdn.statmuse.com/img/nba/teams/Denver-Nuggets-Silhouette.png,Nuggets,2023
Jack White,https://cdn.statmuse.com/img/nba/teams/Denver-Nuggets-Silhouette.png,Nuggets,2023
Ray Allen,https://cdn.statmuse.com/img/nba/players/miami-heat-ray-allen-min--q7yre7xt.png,Heat,2013
Chris Andersen,https://cdn.statmuse.com/img/nba/teams/Miami-Heat-Silhouette.png,Heat,2013
Joel Anthony,https://cdn.statmuse.com/img/nba/teams/Miami-Heat-Silhouette.png,Heat,2013
Shane Battier,https://cdn.statmuse.com/img/nba/teams/Miami-Heat-Silhouette.png,Heat,2013
Chris Bosh,https://cdn.statmuse.com/img/nba/players/9892fc28-9d19-11e6-8d66-0a6f65fc9427.png,Heat,2013
Mario Chalmers,https://cdn.statmuse.com/img/nba/teams/Miami-Heat-Silhouette.png,Heat,2013
Norris Cole,https://cdn.statmuse.com/img/nba/teams/Miami-Heat-Silhouette.png,Heat,2013
Josh Harrellson,https://cdn.statmuse.com/img/nba/teams/Miami-Heat-Silhouette.png,Heat,2013
Terrel Harris,https://cdn.statmuse.com/img/nba/teams/Miami-Heat-Silhouette.png,Heat,2013
Udonis Haslem,https://cdn.statmuse.com/img/nba/players/miami-heat-udonis-haslem-min--tgaoj9ee.png,Heat,2013
Juwan Howard,https://cdn.statmuse.com/img/nba/teams/Miami-Heat-Silhouette.png,Heat,2013
LeBron James,https://cdn.statmuse.com/img/nba/players/miami-heat-lebron-james2021-min--kzxrzyus.png,Heat,2013
James Jones,https://cdn.statmuse.com/img/nba/teams/Miami-Heat-Silhouette.png,Heat,2013
Rashard Lewis,https://cdn.statmuse.com/img/nba/teams/Miami-Heat-Silhouette.png,Heat,2013
Mike Miller,https://cdn.statmuse.com/img/nba/teams/Miami-Heat-Silhouette.png,Heat,2013
Dexter Pittman,https://cdn.statmuse.com/img/nba/teams/Miami-Heat-Silhouette.png,Heat,2013
Jarvis Varnado,https://cdn.statmuse.com/img/nba/teams/Miami-Heat-Silhouette.png,Heat,2013
Dwyane Wade,https://cdn.statmuse.com/img/nba/players/miami-heat-dwyane-wade-young-min--x526gt-r.png,Heat,2013
OG Anunoby,https://cdn.statmuse.com/img/nba/players/toronto-raptors-og-anunoby2023-copy-min--2ihggsxo.png,Raptors,2019
Chris Boucher,https://cdn.statmuse.com/img/nba/players/toronto-raptors-chris-boucher2022-min--igvdpmpz.png,Raptors,2019
Lorenzo Brown,https://cdn.statmuse.com/img/nba/teams/Toronto-Raptors-Silhouette.png,Raptors,2019
Marc Gasol,https://cdn.statmuse.com/img/nba/players/toronto-raptors-marc-gasol-min--u-ki5kx0.png,Raptors,2019
Danny Green,https://cdn.statmuse.com/img/nba/players/toronto-raptors-danny-green2022-min--hxd-8sdm.png,Raptors,2019
Serge Ibaka,https://cdn.statmuse.com/img/nba/players/toronto-raptors-serge-ibaka-new-compressor--qqnhzvqj.png,Raptors,2019
Kawhi Leonard,https://cdn.statmuse.com/img/nba/players/toronto-raptors-kawhi-leonard2019-min--6wxhste_.png,Raptors,2019
Jeremy Lin,https://cdn.statmuse.com/img/nba/players/toronto-raptors-jeremy-lin-min--4thilqjr.png,Raptors,2019
Kyle Lowry,https://cdn.statmuse.com/img/nba/players/toronto-raptors-kyle-lowry-new-compressor--2xemuika.png,Raptors,2019
Jordan Loyd,https://cdn.statmuse.com/img/nba/teams/Toronto-Raptors-Silhouette.png,Raptors,2019
Patrick McCaw,https://cdn.statmuse.com/img/nba/players/toronto-raptors-patrick-mccaw-min---oqzjjar.png,Raptors,2019
Jodie Meeks,https://cdn.statmuse.com/img/nba/players/toronto-raptors-jodie-meeks-min--8dmybswj.png,Raptors,2019
CJ Miles,https://cdn.statmuse.com/img/nba/teams/Toronto-Raptors-Silhouette.png,Raptors,2019
Malcolm Miller,https://cdn.statmuse.com/img/nba/teams/Toronto-Raptors-Silhouette.png,Raptors,2019
Greg Monroe,https://cdn.statmuse.com/img/nba/players/toronto-raptors-greg-monroe-min--gpn_e7pn.png,Raptors,2019
Eric Moreland,https://cdn.statmuse.com/img/nba/teams/Toronto-Raptors-Silhouette.png,Raptors,2019
Norman Powell,https://cdn.statmuse.com/img/nba/players/toronto-raptors-norman-powell-min--wvsepist.png,Raptors,2019
Malachi Richardson,https://cdn.statmuse.com/img/nba/teams/Toronto-Raptors-Silhouette.png,Raptors,2019
Pascal Siakam,https://cdn.statmuse.com/img/nba/players/toronto-raptors-pascal-siakam2022-min--kqbr6uk1.png,Raptors,2019
Jonas Valanciunas,https://cdn.statmuse.com/img/nba/players/toronto-raptors-jonas-valanciunas2021-min-1---dsiowd9a.png,Raptors,2019
Fred VanVleet,https://cdn.statmuse.com/img/nba/players/toronto-raptors-fred-vanvleet2022-min--alrtf6kt.png,Raptors,2019
Delon Wright,https://cdn.statmuse.com/img/nba/teams/Toronto-Raptors-Silhouette.png,Raptors,2019
Nemanja Bjelica,https://cdn.statmuse.com/img/nba/players/golden-state-warriors-nemanja-bjelica-min--mfgmw_0n.png,Warriors,2022
Chris Chiozza,https://cdn.statmuse.com/img/nba/teams/Golden-State-Warriors-Silhouette.png,Warriors,2022
Stephen Curry,https://cdn.statmuse.com/img/nba/players/golden-state-warriors-stephen-curry2021-min-1-1--gmckzkgf.png,Warriors,2022
Jeff Dowtin Jr.,https://cdn.statmuse.com/img/nba/teams/Golden-State-Warriors-Silhouette.png,Warriors,2022
Draymond Green,https://cdn.statmuse.com/img/nba/players/golden-state-warriors-draymond-green2018-min--ml0c-oct.png,Warriors,2022
Andre Iguodala,https://cdn.statmuse.com/img/nba/players/golden-state-warriors-andre-iguodala2023-min--o8i4g26g.png,Warriors,2022
Jonathan Kuminga,https://cdn.statmuse.com/img/nba/players/golden-state-warriors-jonathan-kuminga2024-min--ourixpak.png,Warriors,2022
Damion Lee,https://cdn.statmuse.com/img/nba/players/golden-state-warriors-damion-lee-min--e_hivv9b.png,Warriors,2022
Kevon Looney,https://cdn.statmuse.com/img/nba/players/golden-state-warriors-kevon-looney2022-min--b__1bp6s.png,Warriors,2022
Moses Moody,https://cdn.statmuse.com/img/nba/players/golden-state-warriors-moses-moody-min--vcl9drzc.png,Warriors,2022
Gary Payton II,https://cdn.statmuse.com/img/nba/players/golden-state-warriors-gary-payton-ii-min--rqwcnv10.png,Warriors,2022
Jordan Poole,https://cdn.statmuse.com/img/nba/players/golden-state-warriiors-jordan-poole2022-min--wgxgp7ed.png,Warriors,2022
Otto Porter Jr.,https://cdn.statmuse.com/img/nba/players/golden-state-warriors-otto-porter-jr2021-min--ovv9rayq.png,Warriors,2022
Klay Thompson,https://cdn.statmuse.com/img/nba/players/golden-state-warriors-klay-thompson2022-min--nuqzza6n.png,Warriors,2022
Juan Toscano-Anderson,https://cdn.statmuse.com/img/nba/players/golden-state-warriors-juan-toscano-anderson-min--szahi2ka.png,Warriors,2022
Quinndary Weatherspoon,https://cdn.statmuse.com/img/nba/teams/Golden-State-Warriors-Silhouette.png,Warriors,2022
Andrew Wiggins,https://cdn.statmuse.com/img/nba/players/golden-state-warriors-andrew-wiggins2022-min--uthxuclk.png,Warriors,2022
James Wiseman,https://cdn.statmuse.com/img/nba/players/golden-state-warriors-james-wiseman-min--ohamuzlh.png,Warriors,2022